Date,Mkt-RF,SMB,HML,RMW,CMA,WML
2015-11-27,0.010965422834028127,-0.0108400771059205,0.004407061970805032,-0.004642204967300567,-0.0010325912075873525,-0.0066461608820273365
2015-12-04,-0.02024504123467341,0.013549357873039016,0.004361331536483265,-0.01463531039729716,0.006081630826090493,0.006937418604579057
2015-12-11,-0.02203185715349698,-0.0007506459926542586,-0.021706506804214792,-0.004564255638374228,0.011832008619830841,-0.013174879512233215
2015-12-18,0.019906838112325298,-0.0022053263262180427,0.006878634267108212,0.004730805620895118,0.004691008537025983,0.026151882137481597
2015-12-25,0.01276735960440023,-0.001890121254097401,0.01298551879415389,0.011885376978166808,0.0058182564752322155,-6.411307492497874e-05
2016-01-01,0.01085100528403804,0.0011631527959452444,0.006810305422260694,0.009851018257370591,-0.014301704686383632,0.0038332977552397295
2016-01-08,-0.04341615908689411,0.009170199226048843,-0.014121809642722721,0.002443872441401526,0.0034774544045003027,0.0018264787352230243
2016-01-15,-0.02151595320141586,0.0002830773510577103,-0.020214222089318477,0.006407919246533583,0.009673876555473134,-0.047319790658460884
2016-01-22,-0.002063729836520478,-0.015420365850088056,0.006260330853390033,-0.030971151828169292,-0.0031215546177901566,0.014630978292784966
2016-01-29,0.01900984252667781,0.011154466783658333,-0.003628751162143923,0.03613605970954801,0.0163307487227597,-0.024575460706963287
2016-02-05,-0.00984322295135942,0.0008824636639097553,-0.05223018567119504,0.028552390213516316,-0.033434579084053756,0.017515157595978846
2016-02-12,-0.0678519309019221,-0.006822664470055945,-0.02567159928968407,-0.010698548761873705,-0.02253557687530606,0.003219224136713217
2016-02-19,0.03291812693948226,0.009075756911874178,0.026116056728138052,-0.006661967809689716,0.030909732529729984,0.006611290404671413
2016-02-26,-0.025101411087612213,-0.0013049336640291558,-0.005610868264501367,0.0015883194851774377,0.006040834866543117,0.007611839357591792
2016-03-04,0.06481028452736592,0.0132914825729075,0.05962809606224513,-0.029191640109428582,0.027605995690485448,0.03304086063863262
2016-03-11,0.0033198310475859305,0.00380458758119722,-0.002713666261617044,-0.01036609090935601,-0.004051961885978006,0.0006393719705560319
2016-03-18,0.012536270657939719,-0.015821863472824826,0.03040049760481576,-0.03851631893296511,0.015318906692674703,0.005933067575470943
2016-03-25,0.014748124547594887,-0.009316397874826554,0.006588038457822406,-0.01651676406443877,-0.011368826666243404,0.0184251811458793
2016-04-01,-0.00044711920073869926,0.0044855108584853495,0.0021561054562498926,-0.003897442473679634,-0.0006259581907531661,-0.0006553852688966741
2016-04-08,-0.020465265150896528,0.01634277989775542,-0.008382901375478417,-0.005250134703994972,-0.024161415716734014,0.0016908668477666582
2016-04-15,0.03907904388598249,-0.002343663505621006,0.015778723821336806,-0.015735986667249072,0.002182316340192017,0.012298512100468208
2016-04-22,0.006222523315181139,0.0018641562641069382,0.018731438878303842,-0.020258132132865963,0.013830753723720165,0.004365222629253037
2016-04-29,-0.006266378188434674,0.0014449862981603147,0.01227583592738865,0.006720984346457498,0.003806555145234118,0.017465526524124527
2016-05-06,-0.014821984288761358,0.011421294963549024,-0.005005137623687907,-0.01769717616666332,-0.0021864047759472243,0.005537978446601057
2016-05-13,0.010532130546417662,0.011107985518734188,-0.01473747112894529,-0.0047554507464031325,0.0008274291484511274,-0.009483423608397688
2016-05-20,-0.008342999634799675,0.0004654977534196119,-0.0011577292977782549,-0.008155750871905773,0.015380456916248402,-0.01488789341413487
2016-05-27,0.05251167100340193,-0.022552721095521276,0.024534134619078118,-0.029363682109835275,0.01201434526887343,-0.017938038934288005
2016-06-03,0.007864736517049442,0.02625949867775604,0.02261174241084289,-0.005518448817944487,0.010134860719841338,0.007140489221112982
2016-06-10,-0.006173365269284692,-0.00742579562122772,0.01786033037404128,-0.006765366852256654,-0.007325431501591753,-0.005768753603003845
2016-06-17,1.8407553025401313e-05,-0.007781133522334137,0.0016712562308155456,0.01808016908602513,-0.013626325427929232,0.00042451150967214024
2016-06-24,-0.009987527319473388,0.005396028719451543,-0.01859306040610661,0.005916764116453375,-0.022920152613042206,0.0006409905641968777
2016-07-01,0.02964042094109942,-0.003401062190159884,0.029293039076508494,-0.00349472869845259,-0.02190570097530993,0.03411629465938382
2016-07-08,-0.0006182994595596014,0.00878473862283924,0.0029225867546367646,-0.003026298327536355,0.007248059018732325,0.0030871779115427085
2016-07-15,0.026215901359117444,-0.008690265024858451,0.026999826533755274,-0.03271974351013453,-0.007032763133097083,0.0433425685909883
2016-07-22,-2.343823065831252e-05,0.015076948078251058,-0.003961474181291901,0.00932412996007724,-0.0050568456067555,-0.003497816154391444
2016-07-29,0.01139181876815143,-0.015157539368100582,-0.017179420593842712,-0.001659562944156488,-0.0009798334683631844,0.029761873052398424
2016-08-05,0.005168766640620381,0.010152957609450956,0.01656304417831885,-0.02069626996685242,0.017250510667761378,-0.012252098614610237
2016-08-12,-0.010480067245898561,-0.0011098430795165074,-0.009478946723391944,0.03005329066819571,0.02694836973300452,0.013439208032736778
2016-08-19,0.008699801167535437,0.005985468056396617,0.0296687448695172,0.002084046392376404,-0.003861291689973707,0.025689293800559
2016-08-26,-0.010886312486013905,0.006842958473344786,-0.015991541793954275,0.011695115940739059,-0.001971376257242064,0.012871598020038861
2016-09-02,0.027658117052624442,-0.010594469446205094,0.01512249495923018,-0.01303116924455815,-0.002425294206715823,-0.0017330997700250976
2016-09-09,0.006475830726291987,-0.0028321839162296844,0.020025396406590023,-0.019307729314707023,0.008606598461454142,0.01548457543228374
2016-09-16,-0.009795141825525433,0.0020524702999525114,-0.017733630911811418,0.013751166474810655,0.005817805167720756,-0.004502873105437054
2016-09-23,0.005888505795964338,0.004458464744998248,0.0060642720299791,0.0025789030298977948,-0.018941393782010964,0.017293596598215052
2016-09-30,-0.02495591588528656,0.014871405042701243,0.002208245905947554,-0.014327034967516045,0.011447888270926958,-0.001081330356508689
2016-10-07,0.010039218319089827,0.012705772783248793,0.019566029667057897,-0.03913562115615042,-0.0008400638252931449,0.02145144306050054
2016-10-14,-0.01312996963287505,0.00641135566118351,0.0026924947180753146,-0.003635568155924687,0.009072390302463772,-0.009496339037426669
2016-10-21,0.012774589215512,-0.017320716138494355,0.000409335477806869,0.01822674300933901,-0.003662590974141151,0.011050871338094443
2016-10-28,-0.006332622718647651,-0.006782733995392786,0.011939310687325254,0.03147665687177713,-0.021095296854579077,0.005698975988580381
2016-11-04,-0.02364551979624918,0.004200072648156562,-0.008162685817788026,-0.010350736918847952,0.026327184560594293,-0.009142457909050404
2016-11-11,-0.01629763691270192,-0.00026481026151737794,0.08096314344181534,0.00758604837616942,0.028431707419567433,-0.027970758576224
2016-11-18,-0.026782989074925267,-0.014975236354240098,-0.003953301395363221,0.03310766469484052,-0.0005805979898239021,-0.014305096304232469
2016-11-25,0.004978846750106403,0.010186517432735551,-0.022473096006482896,-0.011287614887847788,0.026418898525343237,-0.025860462525379536
2016-12-02,-0.003389078621930386,-0.0012492074116034085,-0.016926139667241262,0.008677140709500342,-0.03686303873319315,0.023057081519631054
2016-12-09,0.02163404554804127,0.004939702085994469,0.01735895242502998,-0.01430490629365533,0.011399644466627164,0.013412768343386661
2016-12-16,-0.01480313549641421,-0.012082514460885391,-0.003947340883138643,-0.004727503439370579,0.016169468891243103,-0.025631079952136634
2016-12-23,-0.01888336332606544,-0.008713854734253668,0.022288753860991703,-0.025550276312976503,0.005925723558553992,-0.021318664631881885
2016-12-30,0.02505084740788277,-0.011663418947778354,-0.004241924930943306,-0.009862429569293767,-0.009213699581773212,0.007383454013992343
2017-01-06,0.007085440810168153,-0.0037464941493556524,0.014463102279456005,-0.01933931824000834,-0.010324775735088419,0.02398803016632002
2017-01-13,0.01899000562804609,5.143068013051602e-05,0.02552396964049116,-0.02165260614266811,0.0355004985145205,0.0025646168354831675
2017-01-20,-0.00607117588809436,0.009221201723118081,-0.0042569169261835425,-0.00659863916473473,0.0102526608627347,0.011189141153165782
2017-01-27,0.03496085375287694,-0.013048216798901821,0.02798700104684408,-0.018532216360763312,-0.04047869365661443,0.020982638607834333
2017-02-03,0.011537705229278217,0.003567990374468333,-0.010918288724397752,0.022835364492627554,-0.022822777447333954,0.028965875942176627
2017-02-10,0.006017607719948748,-0.013855159878011907,-0.022898826244221165,-0.021014828512657558,-0.01807524750562163,0.0036669757748301543
2017-02-17,0.0032012544706341295,-0.014263895886466479,-0.016378111726200524,0.024552145641339618,-0.028570697049814936,0.0031096212061353344
2017-02-24,0.013353412843262857,0.001386405893531938,0.007285686788348971,-0.012414091443953675,0.006059381814648398,0.0003707903316769734
2017-03-03,-0.0046926780370826204,-0.006546933782443816,-0.003927288712287017,0.009598936365133426,0.007102412239065539,-0.009555635683849357
2017-03-10,0.004158448203404053,-0.016273709684049183,-0.004337833421093089,0.014100150117881597,-0.004400131930808145,0.0009752030714481601
2017-03-17,0.025239100450443752,-0.007677665497166867,-0.0028710430925497597,-0.02947424603342063,0.003975043877434036,0.024362366672298134
2017-03-24,-0.005682262192599041,-0.0037624782406262486,0.028313227660585156,-0.006715863040712554,0.001821067198845205,0.002729375424271578
2017-03-31,0.007218928414580494,-0.005514579666454859,-0.010485540116885201,0.0018089061355841167,-0.009284596633807124,0.017547120030322074
2017-04-07,0.002676092621610504,-0.013477621654940665,0.00894867387754488,-0.03434489908925105,-0.015918574043609805,0.02816678939919497
2017-04-14,-0.005163997804876308,0.0033786434811773746,0.005343481501148513,0.02073779903781871,-0.02191899420030729,0.0054134527446392
2017-04-21,-0.0034313300184335427,-0.0018344257932308432,0.011125809434566692,-0.01863819694132548,-0.016154884685224764,0.008798389355633283
2017-04-28,0.02024797751531171,0.009615973689039157,-0.0032551053821462013,-0.015965606145649347,0.0171579828672211,0.03165034318812458
2017-05-05,-0.0020152514650720876,-0.009055693659159878,-0.02414684811720929,0.008379475917440302,-0.017690751848263922,-0.0023877169617828407
2017-05-12,0.012449849586885886,1.4627439304030349e-05,-0.025176820198180072,-0.002717569176730465,-0.010159827731956568,0.01943938817787614
2017-05-19,0.002872065321203321,-0.008992445006885341,0.010344587140196301,0.015632586374224086,0.016642434834769362,-0.015423680674892954
2017-05-26,0.01773451265100978,-0.009520938273523289,0.02313969191773566,-0.06150118406372258,0.04279240681259413,-0.0017747102051692276
2017-06-02,0.006086480912396164,0.018268281577464497,-0.01959706140461144,0.0413776769531239,-0.02384011544655886,0.02496058997795126
2017-06-09,0.0015279432330241871,-0.005549408637502444,-0.022702693166367645,-0.007937020233116644,-0.024299001431047046,0.026864727461444363
2017-06-16,-0.00829521323016058,-0.005756522315125691,0.012408867182518244,0.013190828544284515,-0.002297862571159973,0.0024334932559830005
2017-06-23,-0.0013662433593738532,-0.013224768702006168,-0.010378953927694796,0.007067698468459814,0.0024698407957413314,-0.0042943756749600995
2017-06-30,-0.0056449175802461005,0.008606815938078662,0.003537550300039832,-0.003914609871826838,-0.00405322470137051,0.00679936456224354
2017-07-07,0.015219087283507182,0.00018103483053815046,0.011381459835425536,-0.01584111462991349,0.007547505178985291,0.023120754207032922
2017-07-14,0.02281754320843099,-0.004671152168108039,0.0011155495821634429,0.011866945970554793,-0.0076529427037141246,0.004699720360374866
2017-07-21,0.00292326204988691,0.0004192196158948197,0.0024046575893597356,0.0023081068238674975,-0.027572601964751576,0.002902727460256712
2017-07-28,0.010009833337535579,-0.009539410707726893,0.0026281171884719986,-0.010180100559934286,0.005915468742943949,0.01676001245130374
2017-08-04,0.0051825244021168615,0.0033933883183712883,0.0038070054063889247,-0.048681118316894596,-0.006063119719910914,0.01987608790296365
2017-08-11,-0.035325495920932815,0.003837544098665796,-0.02480151873647162,-0.014834931357688888,0.02559096253493418,0.010600759741578612
2017-08-18,0.013037091535589962,0.010739172617448082,0.01725676571711733,-0.003750562815502078,0.010182034087131787,0.02615472358119677
2017-08-25,0.001997419367135489,0.003025458270674062,0.00837236782329704,0.006981721868534199,-0.006035284693648181,0.007949940066928457
2017-09-01,0.01190524429344908,0.009664906253787124,-0.011249034278703428,-0.014982970895657137,-0.024177149480349304,0.0058339605652721754
2017-09-08,-0.003970222207514418,0.008826749390938242,0.0008955761611387933,-0.024064255212454845,-0.007498146169241288,0.014764697973073178
2017-09-15,0.015158894884468976,-0.0008482108390612877,-0.013493215822704024,0.02057732120692254,0.01426346049009929,-0.01288617679073807
2017-09-22,-0.011997540535175655,0.019478967097824006,-0.015121883604343201,0.03385249853432819,0.005802985536687129,-0.024703755326625745
2017-09-29,-0.017642886110377676,0.00819596434997305,0.018892922388713422,-0.014111713906687173,0.01303689415093764,-0.0010274136956721133
2017-10-06,0.01952277072958153,-0.005816535052175824,0.009202164762998247,-0.00782029886921955,-0.004390946064950309,0.00114021707082047
2017-10-13,0.018813190409085356,-0.005576910112807899,-0.007540628184548096,0.02139589398312713,-0.0005341507868917347,0.006011164472660176
2017-10-20,-0.002055617703899393,0.002101162528793811,-0.01096317022189134,0.022584936848079246,-0.007308180434046588,-0.0032808784982449064
2017-10-27,0.017395075508175317,-0.020611472004933296,0.04293212233878019,-0.019692676737668748,0.005821689768547561,0.008368442939650557
2017-11-03,0.012539917733780381,-0.012445582391894769,-0.009134196343122406,0.009510912486967598,-0.027500077507369713,-0.0006002047054054863
2017-11-10,-0.012508969146137305,-0.016664116052238886,-0.04468561694314466,-0.02752815299769018,-0.015058661971074281,-0.00789820403910011
2017-11-17,-0.0036961165136726315,-3.803186578719194e-05,-0.0070221381442920425,-0.003551471532163201,-0.010517976794556341,0.020593555909064067
2017-11-24,0.010317455946142973,0.0013021888609834591,-0.007745488834798317,-0.0024912038307437125,-0.007790527683965828,-0.009203349000354282
2017-12-01,-0.02578518971566357,0.008366523912798164,-0.014931457682853266,-0.0007846825327445239,-0.004652280297878095,0.007021744903456195
2017-12-08,0.014211957232238559,-0.006504426032025784,-0.02013305230409053,-0.011040700465542888,0.004531521700500401,0.006116484926041738
2017-12-15,0.0065850293749274424,-0.0071029461541498445,0.003319382254341304,-0.0009415762033191761,-0.016443000945831072,0.006344784597548598
2017-12-22,0.015459802095178166,-0.00245241170563356,0.002271231809806741,-0.0038682792582724126,0.00201175262422415,0.007142594745643334
2017-12-29,0.0035928900517010476,0.008715623247626541,-0.00223623606958158,-0.0009096925109134783,0.004949362073830329,-0.004882543076019896
2018-01-05,0.002673080948124351,-0.004130525373301167,0.005889003145126208,-0.014167263963412472,-0.00660762097965668,0.0020938220270651925
2018-01-12,0.0115922089198357,0.002031487514561848,-0.0016507242277319818,-0.011908192216044333,0.014532970149781381,-0.02057755314160503
2018-01-19,0.019983634435342346,-0.021258047701978457,-0.017289213543380942,0.0024183714323868974,0.004317297236711052,-0.011733644944327359
2018-01-26,0.016058284503117637,-0.024079004128891135,0.02221761547236812,0.011487951504367527,0.027080385636525123,-0.03312845992460955
2018-02-02,-0.027918748139664662,0.006459497230461259,-0.026861943086033468,-0.021554745299271476,0.010878325869050284,-2.1627135958639937e-05
2018-02-09,-0.028404496511161725,0.0022786002316283315,0.005905798010815054,0.01843493825753032,-0.013399726320101907,0.015190917149030706
2018-02-16,-0.0002535058106912791,0.008277934114618378,-0.011020448692260702,0.008677438244135222,-0.0011776239956555377,0.0014385843792556067
2018-02-23,0.0037073180758384616,-0.0005934163449339768,-0.013728942895818986,-0.0007499340172785288,0.0005809257991940577,-0.0115825904270454
2018-03-02,-0.0031169612118217005,0.01189964364523929,0.00681541646825139,-0.00983977010777069,-0.004714753612430477,0.008269474206343289
2018-03-09,-0.02213542371852628,0.0020995742374683747,-0.01959217247883861,0.005571507446567359,0.012462108883418713,-0.010151381755821042
2018-03-16,-0.0030996074021604203,-0.0006496674646109743,-0.013816964426250362,-0.016758015361156314,-0.004657903247447828,0.011005230178866003
2018-03-23,-0.019332778662955796,-0.01427786314214164,-0.011678073929320121,0.0075590109098827764,0.004519774570835269,-0.006332275026422448
2018-03-30,0.011567294910931336,0.008308249633986593,-0.005140745190714923,-0.012961562204463484,-0.010545177125422276,0.009245298580048685
2018-04-06,0.02154497462397509,-0.0011108173832294795,0.0034827437465049897,-0.011666571709595164,-0.010072475516408594,0.032031109927023654
2018-04-13,0.014421774520258834,0.002131707734810256,-0.012461044353755599,-0.00062308488671221,0.013960528492992844,-0.017765468918807436
2018-04-20,0.007962349333319851,0.008359498124840896,-0.027999679924629536,0.03654053835913434,0.0046726865907787424,-0.006066722718248345
2018-04-27,0.012140230533852048,-0.019135836850978357,-0.0065823202868194874,0.005498338447927428,-0.014976830377796862,0.02040089455679757
2018-05-04,-0.006925526410607841,-0.0024898920328459175,0.006358595849615442,0.015152248953691124,0.005655946977147389,-0.008901575991955409
2018-05-11,0.017728910131142195,-0.0023580285971161446,0.014057895726775368,-0.028239099303888147,0.015813177068878814,0.01297620587764598
2018-05-18,-0.019441966351270046,-0.00824159916911134,-0.010964289275526284,0.02059053472465298,0.013119876007914363,-0.008046077667769234
2018-05-25,0.0008257521117964739,-0.010512786245684897,-0.006585623147610946,0.012895724922913254,-0.008790091707774028,0.014385551365664514
2018-06-01,0.008585432675050741,-0.0037865812754123195,0.013274645227691343,-0.014612744210713347,0.0008364661328110088,0.006949129101970837
2018-06-08,0.006679960547467445,0.0001697826787294722,0.004217287548421331,0.0009990410393195901,-0.004077252429219592,0.0043828741628386975
2018-06-15,0.00464816397930945,0.003550651301480955,-0.020629293830811187,0.04086654703397695,-0.016719245789346176,-0.007891627966955254
2018-06-22,0.00038357635981611793,-0.012840966737821598,-0.001364654820953744,-0.003960443145500601,-0.016141494279844654,0.003367377622391669
2018-06-29,-0.009938209138882215,-0.006853889850077302,-0.03416817719637643,0.02490680667816604,0.00546349649413848,0.007142892954393507
2018-07-06,0.005446047525380138,0.006440395698472266,-0.013775476415165907,0.012573545478495929,-0.0015986025000823247,-0.0041255985894788514
2018-07-13,0.02285881292632519,-0.025906280271397568,-0.01589491749840181,0.006995962679115489,-0.009058004589631396,-0.006922032072528194
2018-07-20,-0.0007895701934017563,-0.041923879853063006,-0.00618851270543491,-0.001600404712140669,-0.02170984511528492,-0.016798054472256886
2018-07-27,0.024354635638383915,-0.0039469529661567936,0.031436284013025395,-0.018927780770521405,-0.0036883646285408647,0.03687694512963402
2018-08-03,0.007310484083944635,-0.006394974924196498,0.007985030956185352,0.0403074763618376,0.008854879373208058,-0.015718444079888903
2018-08-10,0.006047126654247892,-0.01625067882361283,0.015127737991392842,-0.004930323251053009,-0.0009127068612714506,0.009359330963295139
2018-08-17,0.003609081762106836,0.013139260403237643,-0.033956078284890376,0.01672016737010739,-0.021704934877530828,-0.015571150323493883
2018-08-24,0.007527808502059585,0.0023606345601430156,0.005064470026313288,0.007715965128271321,0.007013434153201511,-0.0034339238835007
2018-08-31,0.010677453236182188,-0.0020429262971831744,0.019110317290711373,-0.015491177169292622,0.027275741318811546,-0.007512377820739925
2018-09-07,-0.007825040933607252,0.006581914178807069,0.0047887634680709185,0.0026473341872821536,-0.011314834910054531,-0.019925141111294245
2018-09-14,-0.006376631192531956,0.003540828290699056,0.011180277521866485,0.009277784483918333,0.012333616166834134,0.002459708613934534
2018-09-21,-0.032313861646015574,0.00637245216101982,0.008260346405496454,0.016469573937853393,0.027269623485390346,-0.02873501389729618
2018-09-28,-0.01908350652125479,-0.009311190429930016,-0.00023760802960347271,0.013440337809444126,0.02696281464953725,-0.0440467256845178
2018-10-05,-0.05617334959024034,0.008234732492119243,-0.038113481385201854,0.006009317892010993,0.0013081645685514773,-0.029496184397253156
2018-10-12,0.015126308151849122,-0.005167934698880827,0.013448446098949157,0.00846384224644936,-0.04075425794684694,0.06576352506084691
2018-10-19,-0.016132747224874677,-0.006816918870580731,0.0032266089178332787,0.030987441387117065,-1.7782614170810604e-05,-0.025616841224303268
2018-10-26,-0.026549083555946096,-0.007401991586483372,-0.02328181988246124,0.007901788422459248,-0.02793740651610649,0.019987929737857735
2018-11-02,0.052143569292123715,0.0018843943786854417,0.003982364391012051,-0.03996168583875538,0.004995322033197636,0.010675075155175177
2018-11-09,0.003051283550886019,0.00378373598328551,-0.007027391500102852,-0.011142682710059516,0.007833562048456717,-0.0002464719324934365
2018-11-16,0.009163737880267586,0.006718371293008497,-0.02698457266153702,-0.007203659919081636,-0.023325218822038116,0.04122536673824852
2018-11-23,-0.014552263809913812,-0.0030509336794535616,0.0017671745345244037,0.009282567806868026,-0.00960605004031691,0.015769356658744165
2018-11-30,0.03324862849407473,-0.0038066536106712255,-0.022601068982070007,-0.001134275801901119,-0.012861721293922683,0.004482040292171245
2018-12-07,-0.01682945775967082,0.0037946004018087273,-0.010236913609488434,0.00860292973417201,0.01268491193692714,-0.003074948434545633
2018-12-14,0.010450077892494525,0.007820343094926994,0.0024294460062397674,-0.007318634767925438,-0.008202177793975703,0.0007323662218757798
2018-12-21,-0.004761504091224222,0.00885660328008219,0.02617051210610366,-0.014052562244677555,-4.426883506343255e-05,0.005074797515193078
2018-12-28,0.009847534928863588,-0.016960011678296163,-0.0027722360346634336,0.012566162773767339,-0.006191295728506956,0.01204008283745303
2019-01-04,-0.012205524588828398,-0.0019605510135956954,-0.01054409905080192,0.011923398045304918,0.004637975788406582,-0.01686007540296308
2019-01-11,0.006301704372384975,-0.005350300435153752,-0.01667648785777321,-0.001201856413905791,-0.0037178335846116102,-0.00984794245517712
2019-01-18,0.010375221559487446,0.005684572999798538,0.005688485252793418,-0.008084940377191735,0.012782283841712531,-0.007288445986033606
2019-01-25,-0.01158897660313174,-0.002579183779363805,-0.0125402030131172,0.023357852508610343,0.008370813207814291,-0.009531173622986944
2019-02-01,0.010491170486344181,0.00467177665656065,-0.01019357945033031,-0.0029148641335823393,0.024183608080381603,-0.029025876701131208
2019-02-08,0.004585168144645602,-0.004237487920086153,-0.028121523281977538,0.01796936285430283,-0.009839185396309806,0.0045967725538307675
2019-02-15,-0.020029901181894405,-0.001836879538573137,0.017238085562490138,-0.0032689439698352736,0.027701376969112866,-0.017885936166760225
2019-02-22,0.00627074685301654,-0.00012007508253649227,0.026289301529594855,-0.037452269663056766,0.0020503716946185767,0.014610812481553595
2019-03-01,0.006657888902462661,0.013307397405050617,0.011596292243697043,-0.00048264094758002085,-0.0033736810358864083,-0.007800278415915239
2019-03-08,0.015823665542872956,-0.01273928431069968,0.01594405808086185,-0.01123794910550152,-0.02109648274313493,0.016345586593518948
2019-03-15,0.03547213557222184,-0.01212736789725282,0.02383180060097669,0.01296627922658879,-0.0030538935038702426,0.011970440961659355
2019-03-22,0.0026298395688471032,-0.0021093121069220367,0.003595691504147565,0.009404043077362229,0.011027415191151854,-0.009720301977056407
2019-03-29,0.009871745892767514,-0.011988818838313974,0.0015071467023169017,0.0024940350654877133,1.2482358982332e-05,-0.004078550456883672
2019-04-05,0.0082930160166379,0.00800160662629487,0.0038384780498164957,-0.01771653460151433,-0.004452983901774361,0.018326793725934754
2019-04-12,-0.0019286898729466984,0.013492690618182581,-0.0026291250357987368,0.0022760420399133476,-0.007845066057059376,-0.012098960315098153
2019-04-19,0.00939151261359128,-0.00025241363582770987,0.008349467198986,-0.00973998719700639,0.011864596330156336,-0.008943542657945534
2019-04-26,0.0001574591559674321,-0.006482809264590194,-0.005666243527777174,0.012208441683037622,-0.006285648613777065,-0.0015951961730838347
2019-05-03,-0.0036071162659858658,-0.008060446634394846,0.009985262573750587,-0.017220950451815393,-0.011197181102464919,0.009281459128022827
2019-05-10,-0.03699968916092122,-0.002269811086693843,-0.030827936567161308,0.019767411519020162,-0.015340586255682895,0.004186446436637355
2019-05-17,0.011370789310862328,-0.015708285751884935,-0.006071989189189823,0.005245376052498112,-0.01778194696882221,0.046872228854196056
2019-05-24,0.03830485299020059,-0.014714154907145387,0.029507000315690986,-0.02521617342412812,-0.029491502863008636,0.030194748226907906
2019-05-31,0.0066446752313875646,0.0030676020564141516,-0.015648858099843267,-0.005895570230461389,-0.0043716795675340075,-0.009183910006128303
2019-06-07,-0.004373923484146558,0.01087165961302993,-0.020268914910910235,0.010723601889080153,-0.017300178717119898,0.004333184513995662
2019-06-14,-0.003988878821239328,-0.010533230311580937,-0.005883222546651575,-0.0016022895606682408,0.0023987602464914676,0.006606930921431624
2019-06-21,-0.008390229204301436,-0.000560572239291437,-0.001597586158690198,-0.0013672753827901531,-0.009266429178207598,-0.008533822145539941
2019-06-28,0.00552281216957784,-0.004170964173401476,0.013670122464588312,-0.008328393363657956,-0.014725337859808754,0.020443673508903727
2019-07-05,0.001891684260037163,0.007690257791590863,-0.005224777924389964,0.010712345923161337,-0.007687200702830702,0.02036565255190307
2019-07-12,-0.02189883136449622,0.018270717102936533,-0.01343066102297701,0.019005919221211164,0.011463517293478366,-0.008838791397713236
2019-07-19,-0.01153429993507904,-0.00038757986245122403,-0.0077027268220559945,0.004651874951735321,0.023236864950336472,-0.022225987915072534
2019-07-26,-0.011817780967445346,0.011902040912922511,-0.03139318383837672,0.0050779898338509,-0.01029200284297922,-0.016156747073533376
2019-08-02,-0.025429153804766957,-0.00853717440405526,-0.04788043247420448,0.02814196883205311,-0.009040746415065304,-0.0027059636720047527
2019-08-09,0.010211622367108042,-0.008558609324062778,-0.0616671056350228,0.01858224295650764,-0.037493460573538154,0.00011424904551436688
2019-08-16,-0.00556728463657985,0.00957384515593392,0.015749980856827314,-0.02593850403086128,-0.0009118191869578111,-0.0022547379040605085
2019-08-23,-0.01977318553688967,-0.006074645085442806,-0.0392062825370767,0.014294633321737296,-0.0008071660007098677,-0.008933034424141891
2019-08-30,0.017905081802617184,0.011604720718228916,-0.01726224060283857,-0.005681235650009071,-0.005464207109320527,-0.0006756506730633063
2019-09-06,-0.006989753900845885,0.007847763576801964,0.030657140322563017,0.0007417521764053747,0.0040205897582257155,-0.008959206623596276
2019-09-13,0.011848878423404097,-0.0020320681803522207,0.030741221123416054,-0.03453940316778052,-0.0011498855973545823,0.01853557900868789
2019-09-20,0.017903718676934632,-0.0062765110465114494,-0.027103967029101107,-0.020454229936993466,-0.02895467769469615,0.03456425010645851
2019-09-27,0.021127901863188248,-0.01585574513115111,-0.005126408048165362,0.00012622081782789896,-0.00589378569129196,0.03426387902389205
2019-10-04,-0.02932927792365192,0.0016535859313006399,-0.02578281523780511,-0.0014962969645481786,0.002455505376352092,-0.017759658683466083
2019-10-11,0.011660198634197538,0.008520432398495927,-0.017669603385323307,0.010170855434937417,-0.007853839435935126,0.023623206944530593
2019-10-18,0.031561099760883504,0.0037646252686825976,0.018294558792245154,-0.028302630139913017,-0.02909393441197205,0.001976423909498662
2019-10-25,-0.0066841214182128406,0.008464243562673843,-0.017938428186623147,0.0029518506848037846,-0.01782269447980031,0.014739346633596655
2019-11-01,0.026476334257692358,0.005953583511018112,0.05202142772327753,-0.04881825285093208,0.037335114231068396,-0.02881079366043393
2019-11-08,0.0014760215486662176,-0.005483183904209077,0.014342534289753562,0.013756141549174936,0.004377315480649909,0.00039072870404890415
2019-11-15,-0.00106651284170034,-0.013152899951094681,-0.02038519234375969,0.002334952787026454,-0.018568610299213938,0.015203081080144653
2019-11-22,0.0015930624735807086,0.005823946186668638,0.022857931983709112,0.01643251466315192,-0.006337797252905042,0.002180008219343373
2019-11-29,0.01188892511736972,0.005288968737186121,0.011259735789866367,-0.004501216961872223,0.00849690703618246,0.02571727066398697
2019-12-06,-0.011160355743983885,-0.002838006117652503,-0.030221319250067775,0.00201105213663013,-0.0016559989990119726,-0.011606289729757094
2019-12-13,0.013857332996057625,0.004177761648182109,0.029735370208194598,-0.022354762066953426,0.0040981119437118125,0.011560948271906768
2019-12-20,0.015314321227789307,-0.00013784289872623492,-0.01784794634459845,-0.0034850885569316092,5.633834259916384e-05,0.0018072190574868838
2019-12-27,-0.0021186786301768956,0.008635339973477913,0.004980739258482407,-0.0003882392198512048,0.0022229205798875253,-0.00042417365896457336
2020-01-03,-0.0015637536435284538,0.00127284805587788,0.019462526059924275,0.00013700816062326739,0.018412299093449474,-0.010323607265032704
2020-01-10,0.002465876842738357,-0.0006450074277393062,-0.006449096805798252,-0.007936936174569023,0.0015741213204149675,0.01954922416542222
2020-01-17,0.007795656795418715,-0.0028646496459742016,-0.038651668727709164,0.0253936184748849,-0.02739097711019171,0.020272236381548656
2020-01-24,-0.008427514818394766,-0.0034827775073517173,-0.031530629823858194,-0.012703420110882055,-0.027121799955252605,0.009708102354964918
2020-01-31,-0.023362553068805747,0.0028912511215952383,-0.029820274170670496,0.0041658855570076425,-0.019699974928604556,0.007215408817988128
2020-02-07,0.01139014089911261,0.0025392236528679335,-0.0020010526864762054,-0.011953793976169393,0.00796985676285852,0.021198280176647835
2020-02-14,0.0012481525517991088,-0.019691040187707357,-0.027091359089990958,0.02347568955372717,-0.008252480105672144,0.010758040647998197
2020-02-21,-0.0026912717196059255,-0.0013598129531368118,-0.00014661319943132988,0.001895475637923731,-0.012339663137527494,0.0032050579246507118
2020-02-28,-0.07276802855759412,-0.0029274715137992263,-0.037567191005624015,0.03376928901728928,-0.014009151513004262,-0.005663665529561199
2020-03-06,-0.018952378395116876,0.009879556891454202,-0.057770194252125436,0.047758211474292406,-0.006337786163654177,0.0018286756867604247
2020-03-13,-0.09411298851339756,0.010905494517429948,-0.03707793815643143,0.010751970240085021,-0.027634215650805816,0.03690719601388848
2020-03-20,-0.12151940455899846,-0.004583800307226896,-0.0724363124231767,0.09506695778046764,0.018012697277532227,-0.07065547660617755
2020-03-27,-0.009742230921189976,0.0016521556398016515,-0.03116431845432907,0.03731868790405822,0.02819326147589591,-0.010535413580286812
2020-04-03,-0.06656276612251377,0.03566420096829383,-0.014634604495930757,0.05120063271756042,-0.01611995466446113,-0.048729141349356665
2020-04-10,0.12718036205465433,-0.007369989154768997,0.0058037197738581014,-0.0189675206093963,-0.03633760282322353,0.030854787452394353
2020-04-17,0.016994216654773853,0.020011247167620077,0.045052537831456324,-0.0011058526419193346,0.02460196893491,0.0048371063225276754
2020-04-24,-0.012123949537324319,0.008064377909160668,-0.05965225102642003,0.045597202242005,0.012775641078007882,-0.023312793481599366
2020-05-01,0.0770667624197976,0.0007268513080957856,0.06588184368276516,-0.06548970012974219,0.03642594717674967,0.018332019193268892
2020-05-08,-0.061704516934418474,0.01362463592650296,-0.043046930273192535,0.027514078631142212,-0.0356507149261742,0.01279381805676718
2020-05-15,-0.012392627209101281,-0.0058588333521534565,0.003323564344840113,-0.01185021763549109,-0.011626450473739128,0.024163990239583474
2020-05-22,-0.010681976123898984,0.005605861703639289,-0.04072868523431799,0.028067233282818887,0.0065111546580443715,-0.010754848774065724
2020-05-29,0.05985560800813117,0.015056920466606658,0.04145998158600506,-0.04729090043447884,0.0016511044217586424,0.0007046296661709986
2020-06-05,0.05864645130026047,-0.017545358439829586,0.06301686465944034,-0.035594058427585576,0.011944166879599823,0.032091009763006134
2020-06-12,-0.01668778251961711,0.0011257177412770988,0.0036273007110367537,0.013008988738515897,0.0014771497572341943,-0.01304862913100408
2020-06-19,0.02722377536781817,-0.020374663773089906,0.013133954486533747,0.0036563203152373833,-0.019770973953447957,0.03882243651916019
2020-06-26,0.013529304214020987,0.012457548384395297,-0.01040047445528367,-0.003431223155991989,-0.005149704820301356,-0.013574243852336085
2020-07-03,0.021607397609072487,-0.009058478310173097,-0.024246315304082153,-0.012560335109750388,-0.01159444054584961,0.022281059511922784
2020-07-10,0.015149891464920628,0.006257460436208686,0.002871028160461156,-0.007490397015222796,-0.006218459924950693,0.02218336018874114
2020-07-17,0.0124117545005058,0.01682536542434565,-0.03136524847517507,-0.025980044118780122,0.011973386626078275,-0.025219189614430353
2020-07-24,0.026826108778724933,-0.00802447034180075,0.0031500746402824825,-0.004464523949804382,0.002915364348389215,-0.018817722607191625
2020-07-31,-0.010782434673522467,0.020869248191151147,-0.022815611317643,0.006788876046659502,-0.010934973884430432,0.010133427209173295
2020-08-07,0.012697001105808736,0.010530175159709523,0.008275631240050553,-0.016146912064219254,0.003931373082413262,0.03864338521891836
2020-08-14,-0.003178995517533645,-0.0007609486341626989,0.01978157558078273,-0.00658890873618286,0.03154628426048606,-0.012193173538621913
2020-08-21,0.017283261647349057,-0.0014257364677207791,0.016749311836334272,-0.014178130332228728,-0.0034520128780080213,-0.008760417478394188
2020-08-28,0.024270991723315705,-0.018972468180216966,0.06495413894187467,-0.014288504004831356,0.0043486742236005516,-0.009280696146176874
2020-09-04,-0.026936880603920077,0.010693733495076803,-0.02871158772466302,-0.018084401229144093,-0.007561281430710037,0.010504520364883318
2020-09-11,0.01152305619349936,0.00848669939492063,-0.022509393520109493,-0.02158808050266629,-0.0023798303046815407,-0.016773827468599973
2020-09-18,0.0035326595964069174,0.024091762060549332,-0.027072654796197335,0.036846431620307964,-0.007941974773094041,-0.027456060031737416
2020-09-25,-0.03952213504563973,-0.004503830577759181,-0.05301952115350098,0.007124552088056617,-0.019019985278910162,-0.009494814195605196
2020-10-02,0.033184787250288394,-0.008413015480626434,0.014010667457989973,-0.018422622533060595,-0.0009000872305516411,0.011228517787355927
2020-10-09,0.043553662886622435,-0.013611966226356787,-0.0255817801179485,-0.005911949225995344,0.007243682317061045,-0.036581468621831245
2020-10-16,-0.012736901975149317,0.0032561218642625216,0.002609088469622564,-0.01196595063728519,0.003448652402284676,0.024930737767333774
2020-10-23,0.014274187033702423,-0.02540017494988057,0.04066119240638612,-0.013810444370008149,0.011353012893877948,-0.019644870321549084
2020-10-30,-0.02413585755472969,0.013023241331892938,-0.011028225000289105,-0.0055451130252409855,-0.013135373192810901,0.022017495745409586
2020-11-06,0.053352349448716696,-0.02288282508584276,0.04144455542768323,0.013866512130476183,0.005091470071420426,-0.010397546442249626
2020-11-13,0.037216009874281974,-0.003930814124543103,0.025015767610994957,-0.02217169657362337,-0.027925962542336986,0.03762363295811261
2020-11-20,0.010935546699409215,-0.00926486709415942,0.009589080296379502,-0.026727453696847085,-0.026897735638223643,0.033631949365631075
2020-11-27,0.008546540552703874,0.0075210618251851085,0.024048100583752625,0.0012369756646381028,0.023580327194668106,-0.008056360592775064
2020-12-04,0.02233022758308323,-0.007272121404781118,0.02352098243234499,-0.0025396465726470474,0.014920370789712048,-0.010515196740322863
2020-12-11,0.01925548483418904,-0.02280127243824709,-0.004105170085207485,0.027907897571975565,0.015733469805059217,-0.024574129139642978
2020-12-18,0.018255360422344546,-0.0019382516036644,-0.004991953180316325,0.003028767918764535,-0.005091893464616389,0.0010006405789892616
2020-12-25,-0.0008211739245804761,-0.005058268283803029,-0.03409060072756849,0.013209181119276547,-0.007601221657938018,-0.0008932188424396179
2021-01-01,0.019582886339254868,-0.0021863214163952496,0.002516839297795049,-0.026566815469341604,0.004438872373143318,0.0010228989052931958
2021-01-08,0.02345115383243579,0.02251668969753756,0.021368831720745274,-0.03133619565911655,0.00931693728140557,-0.004610998975731584
2021-01-15,0.006025558578298895,-0.0006240996018635637,0.03041273185141203,-0.005845112517510752,0.015474964755199517,-0.025395460282077325
2021-01-22,-0.0042816328350487876,0.0036397014626168723,-0.033341442237834744,0.00010998342630593252,-0.01751973022342014,0.002762064135321608
2021-01-29,-0.0513015510273751,0.005303092367004332,0.003352443737107781,-0.006027022860239928,-0.017003766612026003,0.0036034726169321754
2021-02-05,0.09458659788867219,-0.03979634640779689,0.09959850640287686,-0.007016675158128857,-0.004288976051053051,0.0033688104903932814
2021-02-12,0.016017542234115556,-0.005664073011094872,0.01095510565851492,-0.019061017701858966,-0.019553106428128568,0.012745834629393181
2021-02-19,-0.011972974684004933,-0.003848903804672385,0.05152601376614671,0.011461363643779116,0.016161842169354835,-0.017661492200581826
2021-02-26,-0.030210062868156307,0.015057271049122696,0.0402368610004906,-0.01699151535910239,0.00819049054407733,-0.00292800396346685
2021-03-05,0.028146808846708282,-0.008607462868853617,-0.0003284308650233561,-0.013539371721477688,-0.004751974883864363,0.016151089631887057
2021-03-12,0.006215689302220717,-0.005116229836922752,-0.007585616332340754,-0.010496182925412639,0.006468214993687008,-0.0030711200326877315
2021-03-19,-0.01909062245459292,-0.003060659805131717,-0.009869290626002437,-0.004558866995828978,0.019113804862015422,0.005415831153008418
2021-03-26,-0.016054001309854904,0.002499970845628932,-0.03371134040216757,0.0009010540315507001,-0.00885734009744074,0.013519323401052656
2021-04-02,0.0248185265028551,0.003149650469919052,0.014318095168244855,-0.01469201798295628,0.021017907295657313,0.01586105919832787
2021-04-09,-0.0021859982346488227,0.009103674499495897,-0.04762354515259083,-0.005592190960913023,0.019430412707640263,0.01852518466600351
2021-04-16,-0.01462771822525688,0.006939196028074827,-0.00042632646215937445,0.021770614914627017,-0.007413188516405326,-0.005440866830218221
2021-04-23,-0.018915230857394327,0.005536258203791472,0.00697843662427456,0.00665367428403236,-0.011828012593010154,0.005692717165179429
2021-04-30,0.020203816787967455,-0.004439292744416134,0.04277255236422423,-7.51528008602724e-05,-0.006177821994449474,0.016263936034217778
2021-05-07,0.013126202840348489,-0.0014885424275451753,0.012393215725448471,-0.018202145659067148,-0.005561797134969369,0.013761133574301823
2021-05-14,-0.00980564738987122,0.017435723747040853,0.013479108384380378,0.021004210238187493,0.029857124798585273,-0.024119311903570716
2021-05-21,0.033894725818587546,-0.009711540380400372,0.01740561368474974,-0.007655378678029354,-0.01485557830494735,-0.003072897592812887
2021-05-28,0.017156207079156438,0.0034933173469765856,0.004937197768881714,-0.017008769638215702,-0.0005062448524162377,0.0005552824261247924
2021-06-04,0.015198556810893216,-0.01396817477625565,0.009646289272261261,-0.008728568366158512,-0.026530446909263986,0.014698680000312669
2021-06-11,0.00823851625692007,0.010443061090693529,0.003626281406325876,0.011095312522489307,0.023651336742345326,-0.02268851114142558
2021-06-18,-0.007342074380781383,0.003129034403423197,-0.03952578536114539,-0.01081911748128785,-0.002850755223548251,-0.00968541207352458
2021-06-25,0.01128585438752161,-0.006274894675974613,-0.005211563341715396,-0.02185791729073175,-0.003975254475168067,0.011755798883413122
2021-07-02,-0.00871036373503653,0.012756573781103597,-0.007036176418127009,0.02054685983255049,-0.0024410623178897414,-0.015204603116216815
2021-07-09,-0.002060805117763409,-0.004110253645169397,0.007158745531176339,0.008217507277021936,-0.008190317523531054,0.036159570949356505
2021-07-16,0.014888691305526391,0.003643249573083601,0.013856046572585799,-0.0198969313659646,0.008509952918111519,-0.012589400915255703
2021-07-23,-0.004229661019963582,-0.004869755111312313,-0.015833409185189457,0.005229409718779572,-0.005483371943307176,0.0009519333866474077
2021-07-30,-0.005865269165117426,-0.0011439375836340914,-0.0015714038339120179,-0.017520723065157943,0.0067930298345944586,0.004642065427131762
2021-08-06,0.030143303263794996,-0.010277728574715487,-0.016084366147010802,0.005093829753365857,-0.0053249313543628565,0.00641435575259075
2021-08-13,0.017914510879504686,-0.01039731715366499,-0.0035420914506268794,0.0017325409970148087,0.021040846587205495,-0.023212590410030844
2021-08-20,-0.0047552263119292615,0.004867410056011217,-0.07241163916373775,0.018295059432897654,-0.0344685428084895,0.012400394668989633
2021-08-27,0.015482764581623565,-0.0027636835883099523,0.007038611743076028,0.007380063575484477,-0.005690014310411384,0.0019239194747083434
2021-09-03,0.03701843854282827,0.004646658741478772,-0.00850375495207107,-0.0065154521532255275,-0.01377923324596169,0.021211896779022056
2021-09-10,0.002635156183146581,-0.0011916368530479327,0.010768189850340736,0.0012530142529882475,0.0033028981829866504,0.0011297222323288928
2021-09-17,0.012430035299451525,-0.010247170298731947,0.008071912416795436,0.02165084786501665,0.009178217561443904,-0.023678918910563694
2021-09-24,0.01524290791780225,-0.018510200046163862,-0.004579888899377704,0.021335192413399012,0.0028447852101403243,-0.031113036294717924
2021-10-01,-0.017988285100337675,-0.0019387991388166229,0.06641453249228321,8.715483971216686e-05,-0.0012654056122237307,-0.022288861734867136
2021-10-08,0.02071340324249893,-0.016543522784303006,0.008289444765969593,-0.021392003036943153,0.01632589651465105,-0.024908533890535864
2021-10-15,0.02477488834186725,0.006396445556295326,0.05763036541360762,-0.022304942763893155,0.011148821311677593,-0.007034572251865778
2021-10-22,-0.012195641481859476,-0.020056914544169822,0.019591237620267495,-0.02464248505689278,-0.0018308686666752352,0.0016514461292577234
2021-10-29,-0.02446880691816533,0.019847003669708364,-0.02366914379694457,-0.02179922405356652,-0.0016270808612298682,0.024659157311463308
2021-11-05,0.013872523799761005,-0.0012851926889026512,-0.0031021711939670203,-0.010650685817128849,-0.008666348881269272,-0.005171805663897987
2021-11-12,0.01037848335873659,-0.01569621201318874,-0.014892549482001478,-0.00631504490842825,-0.03345178754491883,0.01989103174146853
2021-11-19,-0.01866839119746999,0.00046282626086314657,-0.02971555728507172,0.0059327587099470905,-0.007466452459763384,-0.015757772643183524
2021-11-26,-0.041562614272561915,0.012904249657650621,-0.023830926634869586,0.0630894416347983,-0.0010435013325855724,-0.013427138642706685
2021-12-03,0.009999148842643857,-0.004094321680800824,0.004509033617450075,-0.021992011495563468,0.011890022563240312,-0.009165097185204493
2021-12-10,0.018294299301169437,-0.010867473566088831,0.016283397039010754,-0.02534428060490084,0.012785887771126806,0.01646811583192475
2021-12-17,-0.03004354554079247,0.008273501936618948,-0.006771338332765959,-0.006248820639929608,0.021441542061628373,-0.028601559077496425
2021-12-24,0.001092173309896971,0.00033768737626569865,-0.023211709894187936,0.013342920658740903,0.012418418201001173,-0.013348118266171025
2021-12-31,0.020601383885907598,0.003384321224828759,-0.01836781662241197,-0.0004673658723249943,-0.01517420156924908,-0.00394097369670229
2022-01-07,0.02642889797208281,-0.010865627381262389,0.034363702927426104,-0.014217120617110448,-0.010528481797383943,0.020237100901599497
2022-01-14,0.024872748133738076,-0.021189387740325746,0.017963189410627946,-0.004882671487188878,-0.00548632347918682,0.012909439806652476
2022-01-21,-0.03498073808936908,-0.0006589000509176421,0.022054733212802546,-0.009204358722438438,-0.002928182723534553,-0.0018266537999773874
2022-01-28,-0.029244296634327704,-0.008085150506704563,0.037231504520906476,0.027887121429921342,0.008491751881648458,-0.007042661133716002
2022-02-04,0.0242283237542138,-0.006668905199372393,-0.015233261039855034,0.013314101199718958,0.008984596889817505,-0.013127952377873075
2022-02-11,-0.008081088753712273,-0.0003189616049159485,0.025601909494014093,0.00033085929361699896,0.014490057731503277,-0.0018782266669103323
2022-02-18,-0.0056662236147282385,0.006052237286992078,-0.027047868351613637,-0.0002865901437910934,-0.019254491722996255,0.0015433296342999723
2022-02-25,-0.03576578102272965,0.000671881627314734,-0.006772015443169584,0.022647990209786445,0.00023485437839923518,-0.0017404086824918327
2022-03-04,-0.024795344784872442,0.017563260545808403,0.0476585904380145,0.015989840746665644,0.053521414882751236,-0.031171212914750387
2022-03-11,0.02370522141011744,-0.005732253621766156,-0.009399399059311302,0.026781453546985183,0.0027425789643787425,-0.019344721333162382
2022-03-18,0.03948188974713407,-0.007585788395440361,-0.020456284252296588,-0.022333098562739323,-0.024782061577664525,0.03302588908038505
2022-03-25,-0.007754404319526564,0.002036229450357893,0.04038666535482208,0.013534034547293933,0.01477263426119387,-0.024438717383927895
2022-04-01,0.030166689136011282,-0.023479997872701254,-0.004149459814146019,0.0020166296282088866,-0.023515133950251052,0.028555442540932927
2022-04-08,0.006445811830530168,0.011289464391832305,0.010104400022899578,0.003325231813520669,-0.0037046681899348018,0.009900991355840195
2022-04-15,-0.017357914432095334,-0.008193915397590236,0.0011972883237192679,0.0036917047176219537,-0.002567049917632118,0.009629490484917694
2022-04-22,-0.017378533278390784,0.0017771066762662224,0.006196661953049517,0.0016100767636681168,-0.020532840239265954,0.013966855498164803
2022-04-29,-0.004041383806575927,0.0015914731879958944,-0.02074897688909795,0.0037168251522557427,0.0060165160373511235,0.008840806500737599
2022-05-06,-0.04042091674464676,-0.003976875084250472,0.03072345824298435,0.01240614194522419,0.04916925700877736,-0.03273321123274299
2022-05-13,-0.03833343647650245,0.012907045382698608,-0.05390755817647212,0.030595332621411,-0.007624135829371298,-0.01779541116493689
2022-05-20,0.03066755720991665,-0.005516180446684574,0.023096437577950345,0.017904287628400038,-0.010643678733332919,0.021918806520609683
2022-05-27,0.005305484248887771,-0.001768787497844108,-0.02115938877004852,-0.0176757834079316,-0.05034822020077057,0.008687248995930793
2022-06-03,0.014178339219401037,-0.01809716277022303,0.012311669844256742,0.006047197118038148,0.016712272135817222,-0.01357430636253639
2022-06-10,-0.02306403999829465,0.0030829498178620886,0.0019744087359849487,0.0030076998971786395,-0.01573440558900717,-0.011959573321834793
2022-06-17,-0.05606166078071839,-0.009004926339696268,-0.03637110283093968,0.02012794627076088,-0.025470157346595537,0.027882907143728826
2022-06-24,0.026530879131657192,-0.00324523750592854,-0.056016527799060994,0.0039625660775374875,-0.021980728015228376,0.007671198668598236
2022-07-01,0.003363205547239456,0.0023825362826557185,0.012238047064754058,-0.008477810951831012,0.010307558668155189,-0.0040158926173440145
2022-07-08,0.02974532270384711,0.0024467821329769088,-0.005480666360179132,0.0020739392170775854,-0.004822810962677254,0.01636090556919692
2022-07-15,-0.010566774237090293,-0.001224032386165037,0.0033106958756365344,0.0004626325286321382,-0.023131019617327064,0.024152192549055644
2022-07-22,0.04176214485960861,-0.006222242019347395,0.024293800784169206,-0.014858452936797484,0.0070394909998587885,-0.004822480262100803
2022-07-29,0.026244930410620704,-0.0019893336657413573,0.014234984256304213,-0.009059442360107077,0.00465506470599257,0.0097833601052972
2022-08-05,0.013943729692713402,-0.010724058953698247,-0.002916485199053194,0.008005969450686063,-0.0028060131333016575,-0.006371883683127187
2022-08-12,0.017281241018824556,-0.000645415152864327,0.0323972050993476,-0.008401529275732076,-0.001452658981229489,0.0006634157195582208
2022-08-19,0.0034070694843311156,-0.007398471323138862,-0.021047369336134283,0.0029375756092150547,-0.01579950544517676,0.01716168825775685
2022-08-26,-0.011236838626331735,0.005998988336213369,0.021441219186331552,-0.0089623274475579,-0.013198935947154163,0.00666455031869535
2022-09-02,-0.0011077670834892528,-0.012100720240426011,-0.012254499181795709,0.008631832902973813,-0.02592105396273102,0.01858469580115525
2022-09-09,0.016756534766828146,-0.003670858851513026,0.011453589842225444,-0.006526925162495922,0.014753592366689204,0.0014072462112595455
2022-09-16,-0.01696260134108374,-0.016445534709844573,0.02497909540136296,0.01559462619146676,-0.008300388535185568,0.0177916295478533
2022-09-23,-0.011608108251135452,-0.0035515769089302434,-0.048342567656829094,0.017245770320862934,-0.01553765074219915,0.00883551235334561
2022-09-30,-0.013446949778974537,0.008394555733769571,-0.02753513020634984,0.029703303380754203,-0.0032834300176785396,-0.015699868296013525
2022-10-07,0.012887345016576734,0.0011938699331062678,0.023504034467419083,-0.011409184015931587,0.018574212412412378,-0.02282571496986702
2022-10-14,-0.0074475180824222775,-0.013948016488067124,0.004626352877548215,0.014426890063961964,0.004239291042634454,-0.01186407624311817
2022-10-21,0.02272829039588009,-0.011056986783742999,-0.003574225284016283,0.010925245855281207,-0.01715699289938242,0.0035696508723736566
2022-10-28,0.011976353990514221,-0.0027198132798188866,0.015611418924599305,-0.01938508615552398,0.002853230394976484,0.007344942975506022
2022-11-04,0.018572739046093023,-0.01169172076496233,0.010530472425829072,0.003954606259083015,-0.006948027067395016,0.003020029547553968
2022-11-11,0.012835839141973171,-0.006955319890549557,0.005076796155230438,-0.011121738887573212,0.02263290621474933,0.002147982474853068
2022-11-18,-0.002291526832332691,-0.0016186804177801134,-0.00034184086962657165,-0.006594481859673568,0.017886413774021233,-0.00186809255100253
2022-11-25,0.011202945489937166,0.009776299718574473,-0.004963086197871981,-0.018242152408507933,0.002087432930501806,-0.009336210313439572
2022-12-02,0.009903963991033216,0.011698322911679807,0.0033821888424627744,-0.019081906888587446,0.003564269750331389,0.008213801892468356
2022-12-09,-0.010670674855624007,-0.001738306650366504,0.006620395397497272,0.00291688718084121,-0.00316954481259122,0.014559449420050273
2022-12-16,-0.012304943296693405,-0.0005049029860632898,0.016293941778693265,-0.005329210494980707,0.011630232510851463,-0.0018346422762081085
2022-12-23,-0.025299645232360835,0.0035927953656245577,-0.04273663332699961,0.024288962475655845,-0.015372591269096798,-0.011972287997540739
2022-12-30,0.016763258244249624,-0.007223556498915243,0.03716846071307676,-0.023692201906636345,0.011303128648953184,-0.0010599673679226283
2023-01-06,-0.013578982501887271,0.013566318874075058,-0.008697127049603326,-0.017631287912104398,-0.0038050094736949156,0.0045646562599842705
2023-01-13,0.005439719301254087,0.0029668289240171305,0.015044288005218634,-0.01801109444361959,0.027738948106839665,-0.014800756281176348
2023-01-20,0.003956806009802971,0.005636549499674981,0.0158989091436382,0.0007775456473904929,0.022351296174468627,-0.018994025473125037
2023-01-27,-0.02348064068682687,0.024642703575022698,-0.031547009529440256,0.0010270854788725272,0.011939212820905324,-0.03096382089786757
2023-02-03,0.014184061178950103,-0.01649653778346711,0.0010929774510192534,-0.010914764197377726,0.04345005157441349,0.0010854770889657875
2023-02-10,0.00013718000357498816,-0.01165316874272329,-0.008195353612141801,0.009438963518128368,-0.03360752932625011,0.008424797968296087
2023-02-17,0.004911333057990186,0.00854878318684352,0.009478594415140814,-0.014988767576040693,0.020045340658761433,-0.003105050997126286
2023-02-24,-0.026660339180815562,0.009534208843960012,0.00036473942906296505,0.0165710178505118,0.021159435725512443,-0.015719422426325992
2023-03-03,0.007360030595505274,-0.03491197363816869,0.018680023781486678,0.012249318383263524,-0.024253447982853626,0.007058442651288788
2023-03-10,-0.010312925614102575,0.004284430308433342,0.00786349812197613,-0.00018484574247733718,0.010650052285268304,-0.015001887398685384
2023-03-17,-0.017966542181762968,0.008054037877736946,-0.006400036609326271,-0.011936439113095249,-0.0024164190129519845,-0.0008305994849970334
2023-03-24,-0.00906430056745533,0.004093369451310225,-0.016799517726535637,-0.011259953477167009,-0.016741812615061614,0.0036238755819002037
2023-03-31,0.02447317651056391,-0.0006414929033223479,0.01163017400933397,0.003240711284259937,0.010704812440712478,-0.00456050505567447
2023-04-07,0.013790543678624312,-0.002578278143027815,-0.0034816384288837007,0.0040438643198153785,-0.0118955282942238,0.002466189049944778
2023-04-14,0.013003446433238475,0.00951994709305689,0.008072234811039442,0.0010615421050641678,-0.012572890637222556,0.008081708288352144
2023-04-21,-0.011439826046107271,0.00779301536210494,0.011763958843551007,0.02229088020312594,-0.008615927125737104,0.0009517115919097201
2023-04-28,0.025019742862924632,0.004347703117586914,-0.0034614168919189364,-0.01179310729870775,-0.015994035002243612,0.010456595762635423
2023-05-05,0.00022142264046509652,0.0021135681058742466,-0.01436745193141206,-0.01049833030600092,-0.009366572100236236,0.006528536180026637
2023-05-12,0.013603452390835047,-0.0064287200292318485,-0.00748533304233343,-0.003964615316866399,-0.00017617390661790744,-0.005144655334457696
2023-05-19,-0.00608253357246713,-0.0036576816996903043,0.010335997674803584,-0.003443396328868578,0.008136525451573905,-0.013080362584688898
2023-05-26,0.016257908544516697,-0.004449465629795549,-0.023121076334727098,0.020901358412859148,-0.017420877331892046,-0.00023622890858144424
2023-06-02,0.0018784444174400061,0.008237427470485508,-0.019190294093727276,-0.004865318147050232,-0.013663777890206164,0.010408008795922437
2023-06-09,0.0015809120414556066,-0.0015184623651872228,0.01675382989384259,-0.021324866487270916,-0.0005974140613424607,0.010287944711619385
2023-06-16,0.014146094134112497,0.008920375462814531,-0.00769708588183823,-0.0071211662074101775,-0.0020801650904190075,0.01469722570887321
2023-06-23,-0.00852544353553597,0.0017482599864620287,-0.014919059300029857,0.00855823520230974,0.002772634365150961,-0.021067917011376794
2023-06-30,0.02804911635102192,-0.008699116271947374,0.001012683267448175,0.0009415881433879995,-0.004820231019460511,-0.005638027369111259
2023-07-07,0.007439138164118342,-0.006124070150535208,0.014669602753484317,-0.005230336411752311,-0.007443335397200687,-0.010254371752108148
2023-07-14,0.012037120668846102,0.005054580986389942,-0.01579138378600926,-0.007425073875880511,0.012565408861824941,-0.0067036047283766925
2023-07-21,0.009225893838329613,-0.007950352950123035,0.031288955317363906,0.011439127636281124,-0.009285174713516146,-0.0032854980326294746
2023-07-28,-0.005011355722967847,0.008741566673475223,0.007231040768443837,0.017738204531990886,-0.007980634853703794,-0.0017149258159246282
2023-08-04,-0.0065687899663359195,-0.0042732925434992445,-0.0011225956763787348,0.005066217614145459,0.014337845983719906,-0.022835778297353452
2023-08-11,-0.004544715824665646,-0.003012597266441648,0.006864502922729316,-0.006316242447617609,-0.008654891976203203,0.005064171869734461
2023-08-18,-0.00608135482126293,-0.010929432411641269,-0.011437472915260264,0.006299372368278137,-0.004238404207078941,-0.00682367674659555
2023-08-25,-0.0022966993253730195,0.0003690055824567784,-0.0016133488506971348,-0.0012473549557145134,0.00030779600004778463,0.004386569772976527
2023-09-01,0.008797973254502045,0.0023207253152213968,0.019598350765618704,-0.02713002722063478,0.012893105749190854,0.0027113132744418754
2023-09-08,0.019791226378708116,0.007018148790766766,0.013096105586974775,-0.000898050161476871,0.007440027179251844,-0.01961004692366876
2023-09-15,0.01878916976602052,0.001923595073347481,-0.006588570830185127,0.0022432534169721345,-0.014613777427050879,0.002988681345093662
2023-09-22,-0.025658213105346328,0.001879404692194487,-0.004778932910555082,0.0035554739879154022,0.007838476873079916,-0.01152170429037215
2023-09-29,-0.0018272218127756146,-0.0007319280510850046,0.019058919769638215,0.012447374447121212,-0.010665828013669465,0.006024775693199614
2023-10-06,0.000773957936549774,-0.010615367707307661,-0.02459612461371219,0.001977218152338034,-0.010366066434537332,0.009711810864443171
2023-10-13,0.004963532258885239,0.010889354222686835,0.014823883446768157,-0.0021673240553848633,0.004420485488454402,0.0002698231955244358
2023-10-20,-0.01055135713705102,0.01199386609276166,-0.010896360426807188,-0.0019954025889715914,-0.017149891506419913,-0.00788779930478342
2023-10-27,-0.025349703378138133,-0.004952928308497237,0.00666045600926362,0.014354245388728749,0.00907984323428274,-0.00969460242329143
2023-11-03,0.009626040996731922,0.004090160619226672,0.0011335252365471133,-0.01316749359366387,-0.0028866067557702163,-0.004720031988687867
2023-11-10,0.010127089324092564,0.007889524504185575,0.011837671405596068,0.0030367339010682337,-0.0032662126183171276,0.0019439593839980524
2023-11-17,0.015775838172153334,0.01998567360383323,-0.01924853442022213,-0.007475795159356414,-0.003498239720363377,-0.011763814620939981
2023-11-24,0.003187668383504594,0.004916561558622754,-0.006864140684998395,-0.006660058712724876,-0.008204311742336164,-0.0011580858873490993
2023-12-01,0.023905448961142772,-0.006004517037873958,0.009061818584384623,-0.009108129090363449,-0.004735820432376435,0.008380107158434201
2023-12-08,0.03461137989036511,-0.02768409970564252,0.023878031608223327,0.00432541411481167,-0.010394460520471542,0.0068783210080817225
2023-12-15,0.023236239039903017,-0.009410224052181428,0.012402669156402181,-0.0035951456970454883,0.024563337114890022,-0.02330428506499711
2023-12-22,-0.0049984502728748215,0.012004691910846823,-0.006241524173705012,0.01616285588851471,0.010124755238210194,-0.01581330327265586
2023-12-29,0.017892774176821558,0.019499261030850968,0.002204920312319971,-0.0028886302999085733,-0.011083371008342637,0.008930253620372058
2024-01-05,-0.0009479190942469629,-0.010440554164216844,0.005546397697891751,0.03955240494419211,-0.009164688275801917,-0.014919765267161034
2024-01-12,0.008463529367313427,-0.0032955865090217966,0.0007607941149119007,-0.00834416092896173,0.011160812514281915,-0.02280441302002739
2024-01-19,-0.012430051355886373,-0.003470468532820781,-0.00547328880281596,-0.011581339287340203,0.00991786245158135,-0.0201893075320337
2024-01-26,-0.01247783670526148,0.005314531200986092,0.006771141050954407,0.018154385791498324,-0.011778290645462822,0.0032446156472260377
2024-02-02,0.023472606663543782,0.011872191691919533,0.04734967371002895,0.005355737319496491,0.01021395109221605,-0.01438998945683164
2024-02-09,-0.0032626261199916184,0.004970359268121229,0.01089540514774059,-0.00045489450664175715,-0.011882256062672273,-0.03696614389507324
2024-02-16,0.011853516297486433,0.0009768772453367016,-0.004405039682942879,-0.009277691570008073,-0.014778527607489617,-0.0019809485739290915
2024-02-23,0.00780374516674498,-0.011099834676363867,-0.0029985112220470697,6.825749256814118e-05,-0.013641339511856546,0.013968517060265015
2024-03-01,0.005674716971974192,-0.015839572255596776,0.02596382769765334,-0.018719144702472212,0.0038128332103863458,0.0068700645470108745
2024-03-08,0.006929697554697523,0.016335649136086178,0.008201813943311787,0.007408440919723267,0.008946632943456479,-0.020661453844517466
2024-03-15,-0.020903821564132397,-0.0014391838952373462,-0.05218589577612441,0.009026373174362928,-0.018678790264520535,0.0182340137552508
2024-03-22,0.003332844091697762,0.001504640961743485,0.027566238703791116,-0.021990860743812263,-0.016443034428009116,0.01847576571687543
2024-03-29,0.01041557652709102,-0.009043827517996282,0.009283923747954087,-0.008346682400033936,-0.013502479446027397,0.008282772265079674
2024-04-05,0.008366536548146897,-0.0018117624753727852,0.014886012886730275,0.008864639079752193,0.014789816965150915,0.004572404361764834
2024-04-12,0.00025323123577369877,0.0038150914646662135,0.009474481181784407,-0.0004389998914715769,-0.00835492989582339,0.014853135239714758
2024-04-19,-0.016536869728557835,-0.008326277519125208,0.006943440332223716,0.004005177495943306,-0.0023256462614333617,0.017924791114283127
2024-04-26,0.012324433049623051,0.01921368262039199,0.008239167609233888,0.00998456307731414,0.012408596627866435,-0.024008949684263214
2024-05-03,0.0024933326155016644,0.010228909692118489,0.029075374266377324,0.002448191860471867,-0.0028414221467666957,-0.002710394684968653
2024-05-10,-0.018715661384811066,0.004842581630229818,-0.015089840081735039,-0.0003042570283443742,0.019921808951264414,0.01782133510485048
2024-05-17,0.018630545412424926,-0.015234639530589065,0.009604432963783023,0.001000056337531096,-0.012986927428938233,0.021836567174490805
2024-05-24,0.021855151029202657,-0.0033357583906462526,0.007663256969892198,0.011124474719596572,-0.007044470766436831,0.0033368792946896052
2024-05-31,-0.018573791893592317,0.0010691770198330182,-0.005460252547336574,0.02209052028505621,-0.0023473724578512364,0.003425951357841968
2024-06-07,0.03370739471960049,0.0070008471940309555,-0.03696454150710883,-0.00593906981774988,0.009596676126685029,0.0036394318374601414
2024-06-14,0.007533193895588708,0.011307943763816674,0.009658834692432833,-0.020838832631153305,-0.019067580976135215,0.007787138970443312
2024-06-21,0.0015128528821319875,-0.003665254228959686,0.010954550461995886,0.008251445195448348,0.020369343518788417,-0.0005810587949659869
2024-06-28,0.02167983662333617,-0.007719587022834307,0.005566981859423505,0.001269522735751167,-0.011452738576603377,-0.012873508175988979
2024-07-05,0.013046321420381757,0.00012042750220440067,-0.00028632316163560746,0.008752651041466488,0.01096203875653598,-0.013798777767742743
2024-07-12,0.007330286287466459,0.004277993443296797,-0.011783457800137571,0.003572365105947892,0.01592997289433366,-0.024169506922483437
2024-07-19,0.0011733664001589705,-0.01518373316781179,-0.03169560467217976,0.01638274445637532,-0.004271310436243677,-0.004410862048846405
2024-07-26,0.012390463208034497,0.012262089311365267,-0.009785989755023906,-0.0123333141059878,-0.003484023828289759,-0.018125215078183845
2024-08-02,-0.004717177372428161,-0.002198851961829282,0.004012135046142654,0.013637931342395954,-0.0013746457023493157,-0.012758789336843823
2024-08-09,-0.014167953726225035,-0.0007395534931159756,-0.012233245598420976,0.023916098862052777,-0.003122566716579022,-0.006969695424104949
2024-08-16,0.007126311300913013,-0.005291934514251846,-0.011848535086492463,-0.013407099792755284,0.010497605716598834,-0.0156515141172702
2024-08-23,0.011490903870086111,0.018939675447282776,-0.00390720336643029,-0.008576577655737473,-0.015701874850889294,0.009805295037661818
2024-08-30,0.016627623549180237,-0.001282269473400776,-0.011035180776698414,0.00816880612353684,-0.002826468902965569,-0.0010606347472447535
2024-09-06,-0.015206511123437516,0.001664247162786946,-0.02947009292132881,-0.007439019757412458,-0.0036478696470574707,0.014363247807903493
2024-09-13,0.020294002790408605,-0.0029610001229672944,-0.019300078931684797,0.025992802433638572,-0.004231487447076347,0.003020955366697442
2024-09-20,0.01713364300080844,-0.016663114090621125,-0.005023142182930089,0.0011243270623225166,-0.024429606414143754,0.019421102830990713
2024-09-27,0.015044037220542705,0.007690720115634018,0.025138849123410696,-0.010685187582312846,-0.007559564220908557,0.008650609329032277
2024-10-04,-0.04447656014172885,-0.0007313110687558327,0.0031517062280389807,-0.0026803595610116852,0.02420537164828681,-0.006220936622893802
2024-10-11,-0.0020128089260372795,-0.004775427734619489,-0.012731754918874408,0.01575941238439102,-0.01744976221025765,-0.0007152907347969546
2024-10-18,-0.0044142811720760955,-0.002287207355185653,0.017069935948299426,-0.0003557752184648044,0.012971876164591795,-0.010552788550535408
2024-10-25,-0.027088139713140946,-0.012427247727892665,-0.041487165131514764,0.0026779059279107703,-0.006763382101941384,-0.009439470008324097
2024-11-01,0.00510937703191372,-9.2143683775801e-05,0.018964012055035322,-0.0019346838944139712,-0.014781906901731673,0.029194880607616172
2024-11-08,-0.006424791987223899,-0.010811204420677577,-0.023383799970683284,0.001641799610158673,0.0017736660079204821,0.0017998472728820714
2024-11-15,-0.025488443027341434,-0.01053411268689267,-0.0031346455734501677,-0.008997131038499136,-0.009959090846896165,-0.019865728098363657
2024-11-22,0.015916184444815906,0.008858735544384832,0.0017478247272915068,-0.006304047529882525,0.020520579599010946,-0.0037836227730294898
2024-11-29,0.009363252125401234,-0.01083819228959709,0.01574308980795249,0.011381205328824187,0.011040142739996954,0.010231341296371103
2024-12-06,0.02265546041103761,-0.015199682795349778,0.007639982767971192,-0.0199588844697614,-0.00918371045208477,0.006568211704530629
2024-12-13,0.003667263578396307,-0.011978327173858098,-0.011227408834926374,-0.0004990862815348515,-0.009812127891540756,0.0036739375941676976
2024-12-20,-0.047673871198458895,0.014981060328759045,-0.030278496591909752,0.022447215687290713,-0.015544216126331972,-0.0006206173219035285
2024-12-27,0.009577123078961414,-0.0034514379578579795,-0.0006843067274143744,0.013950540554406652,-0.009325298697325294,0.0010183384717920765
2025-01-03,0.008035375302820391,-0.008494095376754569,0.0022012919012134695,-0.009773759697322554,-0.007478404999948257,0.017800677901554096
2025-01-10,-0.02388069028004869,0.005266007903346765,-0.03946582768589487,-8.452544905673126e-05,0.010899235854355547,0.005491698862305886
2025-01-17,-0.009743327625205356,0.008698441425689802,0.037209832781523525,-0.009472084766490751,-0.006026733157391788,0.014331467758772603
2025-01-24,-0.004783823082047389,-0.0016312568302813714,-0.013798328879051755,-0.0028287676534440673,0.00457341180778806,0.005377022202880876
2025-01-31,0.018023453198734662,0.004561049700243989,0.009121269184602722,-0.012687104776873858,-0.001344612014755272,0.02750521386830864
2025-02-07,0.0021927833144086417,-0.0012970238469415113,0.000405649285713731,-0.0034896068422161737,-0.017753720798690906,0.03821618345310068
2025-02-14,-0.02676997360622757,-0.005908351529831116,-0.007489424325049145,-0.006053923510163806,0.008745327458946801,0.019594571464242354
2025-02-21,-0.005815698698169336,0.015300900459194858,0.03216856864536899,-0.013000464870969591,0.011230919501482323,-0.004004170764945791
2025-02-28,-0.02944394212878021,-0.01191064281658933,0.008777280185953348,0.01489149601785017,-0.013273278219860817,0.028518947472855275
2025-03-07,0.01933589139541625,0.0032985233317253254,0.025826260880260722,-0.00694924641690774,0.0017753534378538056,0.010341550518993228
2025-03-14,-0.006886189169715062,-0.01704082005960777,-0.008409028948868975,0.009672499333039366,-0.018033499032735933,0.017888631983533458
2025-03-21,0.04255894509689506,0.0048967053888906015,0.003820575877438219,-0.010808915153505946,-0.02644770499902583,0.016626293311684553
2025-03-28,0.007235388512559782,-0.010963879936400233,0.0007013404808973315,-0.004429137148730009,-0.0014960215148382085,0.01423582739949764
2025-04-04,-0.026144447054772924,0.011823807385897063,-0.008198403570219184,0.006410607280149843,-0.021959374854593927,0.025126704716014945
2025-04-11,-0.003313698433659251,0.006584937752907267,-0.0111942736194937,0.02151127586084172,-0.010071825862874651,0.0052609194089021875
2025-04-18,0.04481666923050209,-0.006023429992226326,0.012325432902114832,0.0018489750346728645,-0.009881777755032913,0.0060113804609098626
2025-04-25,0.007869443651739028,0.005023110022395678,-0.006272992549961653,-0.016799292342939243,0.019954747931820668,-0.020913916920902737
2025-05-02,0.012785271414129218,-0.002761658799695876,0.012117040158170951,-0.00875105679966102,0.00540132889770013,0.002183633044315873
2025-05-09,-0.01391150462355728,0.00041877988047116926,-0.007105468828818078,-0.011100230630468666,0.00904097620579271,0.004407487917727077
2025-05-16,0.04214431777949024,0.002357122917117732,-0.007431676640094122,-0.029992468494917334,-0.017251212463033565,0.003856153041384494
2025-05-23,-0.006660740110684182,0.006004689905094561,-0.009242949452592379,0.0033106810007682654,-0.004238484357975055,0.0009545649252987575
2025-05-30,-0.004122260971536451,-0.0021659893404873953,-0.0045431835496799735,0.006658968378379611,-0.0018360020792592465,0.0018381308281642562
2025-06-06,0.01019573468489443,-0.0018278550548325835,0.005254792636197487,0.014698670469757414,-0.0036575624080929176,0.008799496071171135
2025-06-13,-0.011376658567134212,0.004904692341587524,7.228438338029424e-05,-0.0020997751511443357,0.00507736305873813,-0.022034159493988615
2025-06-20,0.015931354828881306,-0.0041670623386311605,-0.007629450203155152,-0.01372082711266398,-0.005297436301863685,0.004334645599922078
2025-06-27,0.02092195020995069,0.0063274321326077,0.0043149548466832055,-0.015551168890250775,-0.018769475027143923,0.028209956455699972
2025-07-04,-0.006896097787736255,0.008509560922407422,-0.0027728126325662792,-0.0011161447172990577,0.015732024834466306,-0.005695654523983544
2025-07-11,-0.012220666534111024,-0.008065569132423915,0.012455407013189123,0.012760867371806556,0.015020151194643535,0.009830986915842069
2025-07-18,-0.007214723808223522,0.008973613323359414,0.006914197419799358,0.00919248623378511,-0.009528436266497435,0.003819083197020926
2025-07-25,-0.00526266755455973,0.0022109815675083275,0.0025907904444762847,-0.006441091118518205,-0.011935059311777668,0.019964533003417495
2025-08-01,-0.010937326997020547,-0.00042965976648425344,-0.0220160388466542,-0.0005310373651596298,0.011272549854494019,-0.0007547358972191352
2025-08-08,-0.0082249522737462,0.00433041307643431,0.006656876852965743,-0.02715601102538894,-0.0004799787771613789,0.0012812295350454583
2025-08-15,0.011000151515029977,0.007458388465434781,-0.003578428841581143,0.0011626268553651675,-0.017804540491340608,-0.010764184528783517
2025-08-22,0.00969493370430441,0.0005237501640978914,-0.019662662672227892,-0.007175523526104843,-0.018382226090725706,0.02957040783852767
2025-08-29,-0.017822606542070796,0.006017597618426943,-0.01537853760042133,0.005651001378595588,0.01025833087159024,-0.002813711418258969
2025-09-05,0.012860863993874538,0.010781222481447505,0.007590874588655847,-0.009777765526741082,-0.015942949173893377,0.02346801551406627
2025-09-12,0.015076189321369338,-0.006726166693705774,-0.0003745868673801292,0.0034040149779073024,-0.004843162666457396,0.008904454150441594
2025-09-19,0.008483347186827972,-0.009158737235902662,0.013773937159876322,-0.004714380271835341,-0.004910401842669724,0.005802941836349854
2025-09-26,-0.02654677673713801,-0.015154144405558664,0.01851382174689745,-0.012530283338080362,-0.007648101073679241,0.022320076254027665
2025-10-03,0.009716232152117366,0.006677905908697657,0.025129388081118413,-0.00798808751333624,0.016902861472466113,-0.0021508566741071412
2025-10-10,0.015710439534229792,-0.005747190513340605,-0.02243827731749375,0.012771780165382062,-0.004327241719220927,-0.009053243301457521
2025-10-17,0.01678837771903341,-0.02214266780566557,-0.0445244039956561,0.045689303786394096,-0.04816602803696679,0.049904299803144536
2025-10-24,0.0033178249793766046,-0.004820093712335192,0.010851151804472544,0.007916165199037734,0.006236183849243649,-0.01870263727372729
2025-10-31,-0.0028319579511562054,0.009192143385392816,0.020020231664730524,-0.0345496504828219,0.017725863183866295,0.007017132557833302
2025-11-07,-0.008933906314601336,0.0024310028137527473,-0.01353034637889065,-0.0024872007215450947,-0.0053309117701429605,0.019022439572770864
2025-11-14,0.015043757850294659,-0.0017230579928198212,-0.006650045066817744,-0.0012563982153440574,0.007183000203150028,-0.03122759054814767
